<?xml version="1.0" encoding="UTF-8" standalone="yes"?>
<addon id="repository.dragon" name="[COLOR limegreen] DRAGON [/COLOR] [COLOR gold] Repository [/COLOR] " version="1.1" provider-name="C">
        <extension point="xbmc.addon.repository" name="All in One Repository">
                <info compressed="false">http://ngarba.xyz/repo/addons.xml</info>
                <checksum>http://ngarba.xyz/repo/addons.xml.md5</checksum>
                <datadir zip="true">http://ngarba.xyz/repo/zips</datadir>
        </extension>
        <extension point="xbmc.addon.metadata">
                <summary>DRAGON Repository</summary>
                <description lang="he">דראגון קודי</description>
                <disclaimer></disclaimer>
                <platform>all</platform>
        </extension>
</addon>